ERRZYS,5
YTMM2B,5
CADX6K,4
BYQSYS,4
YUMHKB,4
E5NNAC,4
JQKZKJ,4
2FKVD1,4
NN5BFJ,4
T2S8IZ,3
EKVUFG,3
GIGZKV,3
HH2MQJ,3
GADGZM,3
3DIFQM,3
ZZ2AJS,3
SDFLVC,3
3KGKUU,3
FP3ZHK,3
JKC7ZI,3
1QRC51,3
KX4REK,3
L81EVP,3
8MYQ5F,3
2T8WEE,3
EWJMGY,3
JENSRI,3
VE9TGT,3
LAAHCU,3
XXRGU2,3
P9FHEP,3
GMTIFP,3
TYGBLC,3
TNWDSU,3
8CBPWJ,3
F8EP4T,3
VV7DYF,3
R1F5CT,3
HDCCWZ,3
ZWV8WL,3
BWJHQL,3
UEDY9P,3
WQARE7,3
GFQMFR,3
R2P7BY,3
QQ5M27,3
8KV6HW,3
NUR9BS,3
Z1LIJR,3
Q57BVN,3
IX4Q8F,3
1W7NQV,3
DPI6DS,3
2QI4X3,3
DQVCNA,3
T8ZCHS,3
6YIRUY,3
BH8W6D,3
J7LY21,3
NAVLB3,3
RMGLPP,3
PZKINB,3
A994Z7,3
HK7WUZ,3
64LQSV,3
9DS5HY,3
CZBQNA,3
CAKTMP,3
EW4XNW,3
LPT7RY,3
1ZAALS,3
GIPL8Q,3
4MECQM,3
KVPDBV,3
EIICUR,3
5YBBHY,3
HBRZFE,3
NDAL8R,3
Z1U91C,3
J7KCAR,3
7YSRDD,3
ZTUVHK,3
RS9IYX,3
QTPZSV,2
YBEIGB,2
2IBJ2X,2
6MQNIT,2
THIWSJ,2
MBTI7N,2
FGHRRI,2
3DLARG,2
HTZRAU,2
2NV9EC,2
JGX5RH,2
PPQCYB,2
MJIDFH,2
THR65L,2
QSESPU,2
L4BPLJ,2
3TG8U4,2
41GQMB,2
EJHMVA,2
YAZ5IT,2
V27QBH,2
XSGTUQ,2
RSSMR2,2
VMCU5T,2
AZVU7L,2
LQKUET,2
DDZXRX,2
DCLAPR,2
P32MUZ,2
TXHX8F,2
AJQWUJ,2
SJWBRD,2
GAIDLX,2
CJIDBM,2
PZ2SVP,2
UYCXQW,2
JD4EJK,2
BYMDYX,2
AYJS8A,2
SK3UMC,2
SWGRFT,2
A3NQTR,2
VQH6DM,2
T9JH2E,2
FEI7DB,2
CK3FQZ,2
CLGISJ,2
YZF6WL,2
GQSGH3,2
MA4BZD,2
LHJBBF,2
S8RHH6,2
289F3Q,2
LFVAVI,2
QVVI6S,2
VKCK4P,2
S4JJDF,2
JLRRLC,2
4FUKGP,2
BJMZCM,2
Q4ZZWF,2
GRNZJR,2
IIQSP6,2
YMQ7NH,2
KSNT8K,2
PLEKB1,2
G7ZFAG,2
7YEU3A,2
SLNGRI,2
GF5AUE,2
XQTRBG,2
NGWP9A,2
SBTYDY,2
ET8LXA,2
G84ZFU,2
FZWRXB,2
SVR8NY,2
TF4ISP,2
LMBKSP,2
XWLIED,2
2VWDBH,2
HRDYLZ,2
MXBN8L,2
TP7LKC,2
N2WLLM,2
UVHVJD,2
WZHY6C,2
CLF3RK,2
QJKIZR,2
T4CUIF,2
EYZ1T8,2
MQN6TE,2
44U1I9,2
QBFMDV,2
MTLCWS,2
KTQKQ6,2
QU2ZYP,2
WB1BXV,2
NR9EUD,2
IVW1KU,2
E8CHGU,2
N1RPSA,2
C2EWNR,2
CMAAIV,2
3WE4WU,2
BJSCUP,2
PCDZAR,2
UKVIUS,2
VF8GEA,2
UYVPL9,2
ZMK7RY,2
MRCXVQ,2
PRARIC,2
ZAWNTM,2
UJVKYP,2
PLBTFS,2
GJ4CJI,2
RKDRNU,2
KEQBDU,2
AV5CA2,2
ZBD2FD,2
6QAPPP,2
JSSG8I,2
LE9KLU,2
CM7T18,2
I8XABQ,2
P2GRCB,2
RSNMAH,2
PH4BNH,2
76WH7S,2
5QGG96,2
XSKQ6Z,2
RBS9KI,2
EN9X3J,2
QHARN6,2
9WPQP5,2
DJU1JU,2
SMQFXW,2
8798GC,2
Z7ANAK,2
ZE7CAR,2
ZWB581,2
KLBW6W,2
IR5HDT,2
J7Z5GC,2
WVFIZD,2
G1QARM,2
41JQYH,2
XIXNDK,2
HFNFXT,2
HTAKW5,2
FSE4FL,2
1EZGBN,2
IX1XLZ,2
YXU3DS,2
YYHJSH,2
KWIJCR,2
CE2W88,2
KQAHTN,2
TETTQG,2
PZLVCK,2
Z7HNFA,2
4S7MBQ,2
I9UKCS,2
PSAMC9,2
S77C1K,2
X9UVCB,2
ID3BCY,2
XSTEJS,2
EZMMRV,2
C2FC5Q,2
G2YMNS,2
7J3P3C,2
X2IDPH,2
EUS3JE,2
ASEARS,2
EVSN4I,2
LRCIUN,2
QRJBEQ,2
VBBRGA,2
ZWT82X,2
MLWKZG,2
ZTP4HN,2
D2MTAL,2
CSAKV8,2
FGA8Z8,2
CZWXQG,2
WLWQDT,2
S2V86D,2
5SM8XZ,2
XL4KST,2
PYFVJG,2
TM6EZF,2
VGXJQE,2
SFNT9X,2
QRLA4E,2
DZ4VIH,2
5GT2XH,2
PKLLWC,2
UL6HKR,2
ZKMRH3,2
Q51RWR,2
VSDSAC,2
87QDKT,2
1BRJ6I,2
3ELPAD,2
YTKDNL,2
DE1NTI,2
X4CYFV,2
9PCDEQ,2
Z7KTNM,2
LSXTIE,2
GRFJCS,2
CJB6R7,2
WR8QEV,2
NR2KU4,2
L1SFN8,2
ADW2YA,2
GXBXLE,2
GVSZND,2
PIWVB6,2
KXVWDL,2
NQKEC1,2
H5YNYM,2
ZCEPST,2
JCWBY3,2
6DCEXH,2
HTMSGY,2
BTZZYQ,2
HCRP72,2
UB585Y,2
TGVZG3,2
RJXBDX,2
IIKEH9,2
2CCALF,2
GX4R5L,2
WHT2XB,2
EUJIRE,2
KIWVB3,2
KABUAP,2
IZP6RW,2
G8V5VQ,2
L4KUPK,2
VWXJMQ,2
AJSWQP,2
MQLTXY,2
ZUYKSA,2
2SDKKG,2
IDYBWM,2
CD6QJ6,2
9HE1GV,2
ZST1EM,2
VKQTSP,2
RTEABN,2
FACQLW,2
PSVZUC,2
E7QJDV,2
QYNVDD,2
936HYX,2
IQ9IXF,2
X8FEAC,2
KENCUI,2
PYWC8E,2
TUZ1QQ,2
Q1VISA,2
G1KMCC,2
BRPITS,2
SBF5FT,2
MMH4UF,2
RYVWYC,2
R4MGBZ,2
V94WDE,2
L8E8ZR,2
3MMT8L,2
3USFNI,2
T8GB9J,2
EZVPPK,2
EPYWPZ,2
37GKEW,2
UIR1HE,2
RBZWGK,2
IRR9ZZ,2
VSJ8NP,2
AJQMWL,2
CF7D1A,2
IQ9CSV,2
LRAVMH,2
RGVG8V,2
A85TTN,2
ZBNFKP,2
HJ3D89,2
QUVCKU,2
LZM1VR,2
KCSQSY,2
UITNPT,2
TPFJMF,2
ZLEQEJ,2
LEHLJ5,2
XLUGJD,2
GUDHWJ,2
CTWB2B,2
UPMBB5,2
48U837,2
XUVIZ5,2
KMYQE5,2
WAYDAY,2
1XYQW9,2
LG25RC,2
CR6NHD,2
5MXQFZ,2
EZGKYR,2
RYH3LE,2
1MNQ31,2
CH8JVI,2
LSRILB,2
YLAICA,2
YZQQDB,2
P9AADL,2
B34TSX,2
DPWJGM,2
V5FPG1,2
S8XNSY,2
KS5DPM,2
N2DHSM,2
FXNNHC,2
HURIZH,2
A1YUGG,2
KLNTXM,2
K7TKIC,2
MWB5WW,2
DW67BU,2
BPVCEL,2
PFNCXC,2
EFVVUJ,2
G9QLRR,2
LTFI8P,2
XSHSKP,2
RDFBMA,2
3C2GIM,2
TQSBUQ,2
NIUICC,2
YPKB9C,2
HMQDSS,2
DBBIYC,2
A7LCX8,2
ILYU6T,2
TLWG9F,2
2DZCTI,2
MBJFML,2
Q8HDFI,2
BBPMCR,2
LISKDC,2
UWWNQM,2
UXVMWG,2
SLGZVA,2
TDTCH9,2
GQF8T7,2
SSV9MQ,2
NGGYBY,2
V8ZIAX,2
BTIWF3,2
TB4B46,2
XAGC9Y,2
H2RGLN,2
S3DRSQ,2
7RB97Y,2
WDRDSY,2
B3475S,2
RZUE8B,2
U6KPLQ,2
H7DKRN,2
CFRNWB,2
NJ1FQQ,2
TW81HS,2
9BRPIW,2
AFEQBG,2
SBICFE,2
JRMSAJ,2
FTFZ9G,2
DTJRQG,2
A5HGGN,2
GSLYWW,2
AKKZCZ,2
34N9HY,2
J54CUI,2
JMLI8V,2
3WL8GH,2
WDJAR2,2
SMJ9LV,2
MQQFJL,2
TMDUWZ,2
LPKZYL,2
DPJPSW,2
XWCUIG,2
T5SGGG,2
V1GHD7,2
KZANFJ,2
A5UPN4,2
YC4X1K,2
FWXDXF,2
MDUZX6,2
CF6HKE,2
WII5EL,2
57UI8T,2
YBRIHF,2
DPPVMR,2
6BP9DT,2
XRZTCE,2
GPNVGZ,2
CILVRH,2
VUT9AX,2
BMYYGP,2
MRFZXF,2
MK7LG7,2
AZZM8Z,2
LT3RXL,2
B7QLTV,2
B9LGYL,2
EA813U,2
E3NJC8,2
XNGAWP,2
FKWBFC,2
KPRRQS,2
FZYEBZ,2
BXSDIF,2
6P5AMH,2
JPIZZJ,2
DYZIUK,2
GHQWFV,2
KLG5ZV,2
B4SASL,2
RVVEXN,2
AGPQE5,2
UMHBXV,2
KZ63BW,2
FCJY7R,2
GZGZIJ,2
Z4A55H,2
LKKHUY,2
P6XYWE,2
6NQR8Y,2
BBM6GT,2
DIMEPG,2
5E8IXG,2
XAMTX3,2
S61AJP,2
ERX5Y9,2
FPV2WJ,2
RKMTBL,2
WJZMDX,2
UYCAUA,2
M7S83J,2
F42ICM,2
C2ZDAK,2
YXUXS1,2
IFZVGK,2
ZPQFJ8,2
11IGCY,2
USLFSU,2
9S75HY,2
PMINFB,2
IZBZBG,2
NCDBLZ,2
UHUMEK,2
7DIUKV,2
FZYRVM,2
SSMQJH,2
AGMEBU,2
YGRPJ2,2
5TMSWJ,2
JV3NPC,2
DINLKZ,2
TIMTAL,2
F8UJFB,2
SQW2FB,2
FW5UVI,2
GSU1MV,2
M3KYPX,2
N4TRTU,2
PADXGX,2
X45BSE,2
X1KEMJ,2
SKJB7H,2
RDPLQX,2
CBIGQQ,2
1KFDB9,2
CXHT13,2
ABEEHN,2
9MNFFK,2
JCXVWM,2
YA1LBH,2
I4EFZT,2
U1F9FC,2
D4QV9P,2
FF4VLS,2
SPYKNX,2
JU4KZD,2
GZFVNQ,2
8EGTB1,2
3PLI2I,2
UBT6BU,2
EHZ4YL,2
2X1QY2,2
K3TMYI,2
JH9SCM,2
ZGZ8MC,2
AEXE3D,2
UDKYRD,2
L1TLBU,2
QDVUUA,2
3FPI87,2
8PNPU1,2
TPJ7LE,2
ISD9ZJ,2
WP7UKB,2
NBR6FJ,2
8IBJU3,2
CKRFGG,2
FVBNY8,2
AXT5FP,2
GVNAQ9,2
58NGIR,2
NXNBBE,2
A1ZWHD,2
MRPDWM,2
1QTWLU,2
ECMBCA,2
ST4XZH,2
GSHKRM,2
KEE9CU,2
JIZKDR,2
QBTR5I,2
YABDGI,2
WGUPI7,2
BABESL,2
7PBEJV,2
FKWFD2,2
UHSCVK,2
T6VMAC,2
HRR8KZ,2
T397UV,2
TEJLW3,2
VN9QEN,2
TD8V7S,2
WXVQXR,2
6F3STC,2
VDMMC5,2
FRQFPP,2
LYWTSZ,2
2AZU8R,2
I3KCIA,2
VAAXXG,2
EWYZNU,2
QK8BPH,2
FSMSHL,2
V3DBGA,2
YG4RBP,2
R7DG99,2
8GNNTM,2
RIJ8PI,2
QSLGGK,2
GXBMMZ,2
R8MF7Z,2
KAUVRE,2
CGSEBD,2
UVLUUE,2
9VYMFD,2
HVCRZ8,2
XIJJKG,2
IQWG28,2
XXT9PL,2
YZFR8H,2
QNCAU3,2
TVQP9M,2
Z3Z8ET,2
U3T88G,2
YBLSTD,2
YTPTUX,2
H8RMIM,2
RNXPZH,2
VFBG3G,2
KZFBUM,2
9LCZXG,2
KSN2VY,2
KG8XX4,2
DWGBWR,2
T64XQI,2
HMHAA3,2
XLR9AR,2
ELWAYV,2
JJVCTS,2
HCAESI,2
BEW45C,2
2EZFKV,2
ISBPZL,2
GCTG2G,2
UWMBRK,2
2S5UPV,2
WGF2JF,2
PZCXNH,2
RX27GV,2
67RVAW,2
QAFMH6,2
2AXYD7,2
MTJTSX,2
HRIDTC,2
CHKRHB,2
5TNBFJ,2
PIKQUI,2
EWR6XU,2
Q4ILFZ,2
MIDYWD,2
8ZCVKP,2
Z8UYFR,2
UVABNS,2
KS5PSL,2
DWEACM,2
UWUQ1Q,2
6QQYX3,2
NW6EZL,2
XGJ4GI,2
JRLGBB,2
KLLRML,2
XGNCIL,2
Y554RJ,2
F9BPPN,2
GKASYD,2
FYQSJE,2
7DYNBY,2
RPCW6T,2
4TNJSP,2
QKXZFJ,2
UUFGRA,2
EHPSMX,2
79RJCR,2
ZI3T8F,2
B2L4RQ,2
DK8W2G,2
XCCKJN,2
4DYXSM,2
UTDPGQ,2
RA3HBZ,2
WEA3F2,2
PUDFDU,2
6QAZYS,2
D7HJY2,2
U1IJW9,2
QSZKEX,2
W5AXWA,2
NXDJHF,2
CKEG7T,2
UWCKKA,2
P9SZEI,2
4AAQI7,2
KL5RB3,2
YLVTS8,2
JEENB8,2
XYSTP4,2
KB4I7I,2
LEDUHC,2
LZAWZL,2
PYZY4S,2
R7FHTB,2
MFXIYN,2
WTVSIF,2
VKYIDT,2
CUW5NZ,2
VPKM4P,2
SLW6LR,2
BIITZV,2
Q8LUT7,2
XW1E36,2
UUVAAZ,2
X71VER,2
CXGTAT,2
E9CT44,2
YD2TIL,2
SDPVG8,2
WTINWQ,2
STKG33,2
EPFAN1,2
CJ6XAJ,2
M95JXU,2
GWLY32,2
K3JTAY,2
PKQW4Y,2
DTWWN6,2
USUIG9,2
GKIVEY,2
9HHRAE,2
NXSDMS,2
RW7R9X,2
NGA6HF,2
LS27GN,2
JFMGYL,2
TID3R9,2
KDQQMV,2
K7NZPK,2
FYQMX9,2
ADR13P,2
JD6VCN,2
8YPJIU,2
C55YPC,2
6TRKXB,2
DRNSKP,2
AEJVKC,2
BIJTKG,2
CSZ5HQ,2
ACDZWJ,2
J9NKBS,2
DQNDKY,2
QYECFS,2
IVK9EI,2
B4HTPE,2
FLSDRB,2
8HEY1Y,2
ZHRIWN,2
UBMPAT,2
WEHUU5,2
SPN1NN,2
QVGPQU,2
UIUDBB,2
PK8INS,2
U9LRYI,2
RUBPZF,2
GLDQJQ,2
J1Y8G3,2
UWXEKE,2
5ZPMEC,2
PBH9FF,2
HYI62I,2
5CLKD2,2
J6JJXF,2
DAJCFU,2
BTYE4W,2
U73BWR,2
BXHGFP,2
TMCG9M,2
WJDMNT,2
VGRJGG,2
RMKZZZ,2
GYW8EX,2
24E6QU,2
2FYGRP,2
YMRIBC,2
KIBLYG,2
BCIDH1,2
JEBRRU,2
VZEQ5N,2
HJBRCH,2
IR2SD1,2
M5HPV4,2
6DTP8X,2
KW9ZHF,2
6P6ZEC,2
JCKW8R,2
HNRNV9,2
5A39WA,2
BPYRUE,2
FU3QVY,2
Q7IGDN,2
3N87ZG,2
K8VVZ4,2
MEEJXH,2
TWXEPQ,2
BMRT69,2
ZQKYAP,2
ADQWTD,2
PLBJXX,2
HYTF6J,2
B1NWTK,2
8888MR,2
TJN6CM,2
NHWUKF,2
VSLLGG,2
VJUQMZ,2
ZCRXJF,2
8WVB8K,2
BUYHRK,2
KDAQEL,2
SECPCN,2
QU3J5J,2
TRMZ5A,2
CNFCSE,2
9QFRQ7,2
1FVMB6,2
QRDHGD,2
LWYFV9,2
F1DXIN,2
EL9UIN,2
FNG6F7,2
LMGCVW,2
E6DTQ6,2
HYGWAP,2
5YSL6A,2
SHEXQJ,2
E61ENW,2
SMM93N,2
9BRAYY,2
8A5WKP,2
BID2SY,2
WINX1V,2
336DDY,2
7N2714,2
ECLMZ1,2
DDSFKQ,2
SWDLL4,2
B987HF,2
P5GYBF,2
VDBRA9,2
J4H2RJ,2
ZD4CRI,2
RIEIPB,2
T9GCTY,2
VZLSXB,2
UN8QIZ,2
HKRARX,2
AQHHEV,2
KBVVWX,2
GBQ83A,2
R64GEI,2
7ZGDS1,2
IR562X,2
UUPUNE,2
VE5WIX,2
YNBA8S,2
LKPVYR,2
XWXYV4,2
6KCJFA,2
TE8I9Z,2
86EA7C,2
HSGSIA,2
LNEMP4,2
9XBX1Z,2
XMEYTS,2
EEPIGC,2
1WAIQG,2
2GTKJJ,2
8MGXMI,2
ZVJXHX,2
ZZUCYY,2
VQ4MYL,2
U8TJUG,2
FSLT3X,2
M1R3HA,2
JZDPYI,2
DLN4AL,2
SHZTAK,2
JRTDLU,2
1PRTUP,2
PUHTCJ,2
MB2B5K,2
XTK687,2
7BA5BJ,2
PCE7CQ,2
CW14AP,2
5BFREE,2
MKFCRT,2
QGVV7X,2
DEKZJL,2
QYGQPI,2
PBEIEZ,2
LTD1U8,2
HGB3KY,2
FYNG3M,2
MGC7DA,2
A8ZHLE,2
WAGUDX,2
FDCZCF,2
MCRWVD,2
DC3GUU,2
VKGTQ9,2
D3BNPX,2
YNW7JS,2
WWI4WS,2
WKDFWJ,2
FTE5GR,2
XVQBN8,2
WTBKTK,2
ECGZ3K,2
93BSS3,2
XCQ5Q7,2
DBETZM,2
FZR9PB,2
EKI2DY,2
EGZJWI,2
YE4SCG,2
ZKRXGV,2
LTNCDW,2
SY2RHW,2
9KKEXW,2
IUJUUK,2
CUWW8V,2
T4ATJH,2
WUGHBV,2
NHSCXF,2
YZ6WUZ,2
RKXEDA,2
G2EDAM,2
WA95JS,2
5VLU1P,2
PPCCJE,2
MBPREK,2
F5CHA2,2
NALKZP,2
QLSTTM,2
XCZQIN,2
HM1PFZ,2
YZAPCG,2
KGIAGM,2
B1LJ8U,2
ICAMWB,2
UJMKKE,2
ELLZRG,2
ATMHYI,2
FXZJNA,2
LUSUHL,2
QZGHX7,2
KCCBLC,2
UPXZDC,2
JKVTGA,2
VPCHDH,2
FVYSL9,2
HHIJEP,2
WXWQQN,2
GSFL7E,2
VEDL11,2
1TAXJE,2
JIP5MA,2
LKP1DB,2
8HM1ZV,2
KFBEWV,2
DHXVE6,2
C4MXXD,2
BTXFXI,2
SWZIF9,2
MT3WZF,2
XQPXLS,2
G57IBA,2
S2JBDC,2
IW9EFP,2
JEUCC8,2
7IPANQ,2
HYFWZH,2
1JKDWM,2
P6SH3Z,2
DHTYZH,2
LGLIGF,2
SCDCUM,2
EUQKZT,2
4BDS3F,2
QKLAAA,2
PJ1P37,2
SRTPGU,2
6WQFPW,2
5UWBM1,2
NMYN7Z,2
6ASRWU,2
PM1JFR,2
Y64JPQ,2
DTLVSD,2
5396D5,2
KXKVU5,2
PNNWWB,2
W4LSQU,2
3EMMF7,2
D2XSRW,2
MH1QZY,2
YYZUMR,2
UEDHQ3,2
JYYCAY,2
TXZPP3,2
ZFWST7,2
LN4BWV,2
2SQXHA,2
NV1XJZ,2
1NTU9W,2
EAMM6H,2
SMKYTA,2
QVHVQR,2
EBNDRI,2
XJW4MW,2
PR8HT9,2
WMP4TR,2
NS1ZGK,2
U3AEPD,2
JVCZZM,2
45AAIC,2
L3GMBW,2
WXBGPQ,2
QEXFLJ,2
XN7VKD,2
CDQSRS,2
P5NQ63,2
YSGK9H,2
TGLPLK,2
LP4WYC,2
KL6RTI,2
E8RMYG,2
6L8UU7,2
IPV1YQ,2
UJBHQA,2
VSLYK1,2
KK9KHD,2
KRSFFP,2
7HHIB7,2
HDU9GT,2
UPNA74,2
PF7SEZ,2
AS4DAD,2
EBWDN8,2
UZKCES,2
LHIPPN,2
BIVYB6,2
87FIYW,2
X1KH1E,2
8I4ITN,2
4937ZL,2
ZZCTF3,2
YVD7JX,2
FKLLXP,2
PUUBTN,2
FKVAFA,2
JKYXGH,2
BLXR55,2
CGXWCE,2
F73LES,2
YYVLL6,2
W23ZDB,2
SPUDUP,2
GVYN9G,2
FXFTZV,2
DG5V2J,2
GUJKY5,2
PZTSCB,2
ITQLIJ,2
VXHZAR,2
BFJBRM,2
KVNHXF,2
7ACJB5,2
IZZXYN,2
QJNM5C,2
VJRZRW,2
6QSLWM,2
YKJR68,2
NDDW21,2
WEVUPY,2
QWIWMT,2
XKHPLQ,2
LJKWVZ,2
RTGB6F,2
YN6KXH,2
EIBTY1,2
KMLXN4,2
BD1KP4,2
C9H82E,2
XXDJK3,2
HK6L8I,2
RM76SU,2
2X3ZHE,2
VT1GZ9,2
YLZDPK,2
H6YRYU,2
NP955C,2
XBPXSQ,2
RTPR8F,2
TKZ2RA,2
MZDMZQ,2
IKUYD2,2
IUVDXU,2
1NU8I5,2
IF9NWR,2
AE24JK,2
QNRTTG,2
ZELBE5,2
CQXUE4,2
CNFJ9K,2
5ILFHJ,2
NQANKN,2
RCUUQT,2
UC7ABZ,2
NTKP2C,2
26CGK8,2
WZWEEL,2
QWSPZF,2
F61CMA,2
LUPDCD,2
YSQQ67,2
SFADPG,2
ICCEHV,2
WB5IG5,2
RPAJYP,2
KCI6TX,2
FABCDV,2
QWHETE,2
J9TWB7,2
J44AXG,2
MG5CP3,2
PPLBTY,2
7742GK,2
BYWAMH,2
TPR1EV,2
KWIVRI,2
R5WLHA,2
KCA4HP,2
BMY7K3,2
2SNJMK,2
CBZVKB,2
UJL9TW,2
SY5QM7,2
X924XZ,2
NKXIPF,2
RNUBUI,2
X5IBCP,2
ATYVWL,2
MGXQJM,2
UFPUQB,2
JASCFU,2
DCTKWM,2
7PRXJS,2
PWUBBL,2
NTMPHX,2
9WLUHF,2
ECY8P1,2